{"cameraMode":{"drawMode":0,"name":"Shaded","section":"Shading Mode"},"sceneLighting":true,"audioPlay":false,"sceneViewState":{"showFog":true,"showMaterialUpdate":true,"showSkybox":true,"showFlares":true,"showImageEffects":true,"showParticleSystems":true},"in2DMode":false,"pivot":{"x":-0.8911167979240418,"y":0.23235082626342774,"z":-7.989617824554443},"rotation":{"x":-0.026687975972890855,"y":0.9732124209403992,"z":-0.16837099194526673,"w":-0.15426139533519746},"size":5.392605304718018,"orthographic":false}